,EAP,HPL,MWS,id
0,0.19444183,0.3438046,0.46175364,id02310
1,0.5478653,0.3654024,0.08673238,id24541
2,0.03476863,0.9400601,0.025171291,id00134
3,0.19698042,0.6726236,0.13039601,id27757
4,0.48509735,0.2607829,0.25411972,id04081
5,0.25399816,0.44208044,0.30392137,id27337
6,0.9164372,0.01432623,0.06923657,id24265
7,0.24340805,0.32614982,0.4304421,id25917
8,0.49627197,0.4245293,0.0791987,id04951
9,0.834558,0.14177006,0.023671914,id14549
10,0.08955658,0.6504338,0.26000962,id22505
11,0.24274458,0.58273184,0.17452359,id24002
12,0.117163874,0.12032713,0.7625089,id18982
13,0.06673077,0.8166214,0.116647735,id15181
14,0.65492356,0.27916762,0.065908775,id21888
15,0.23366672,0.07291337,0.6934199,id12035
16,0.79202026,0.091594465,0.11638532,id17991
17,0.8072851,0.109700926,0.08301403,id10707
18,0.6816144,0.1402873,0.17809822,id07101
19,0.2098138,0.71229315,0.07789301,id00345
20,0.5272226,0.4163146,0.05646275,id05912
21,0.06044176,0.16459957,0.7749587,id13443
22,0.30446833,0.1560214,0.5395103,id09248
23,0.4523876,0.1310942,0.41651812,id17542
24,0.4494643,0.106958345,0.4435774,id06995
25,0.49627027,0.41462156,0.08910816,id25159
26,0.5680532,0.27858624,0.1533607,id25729
27,0.80726165,0.15536639,0.037371933,id26949
28,0.16677426,0.13751516,0.69571054,id27191
29,0.64758354,0.109371915,0.24304453,id07668
30,0.14352301,0.43699542,0.41948152,id02230
31,0.8959545,0.048596013,0.055449482,id15553
32,0.0023290713,0.96383834,0.03383255,id25688
33,0.0654193,0.60130066,0.33328003,id17545
34,0.39769605,0.14783464,0.45446935,id13929
35,0.057143893,0.93134886,0.011507276,id12880
36,0.41695723,0.198094,0.3849488,id19282
37,0.26821628,0.06676699,0.6650167,id14690
38,0.516021,0.3030316,0.18094733,id17975
39,0.77994615,0.199149,0.02090484,id08037
40,0.6594552,0.21997166,0.12057321,id15412
41,0.39783847,0.44399026,0.15817127,id25032
42,0.34577388,0.5589673,0.09525883,id27165
43,0.6522251,0.30852458,0.039250303,id03327
44,0.31008837,0.589001,0.1009106,id18515
45,0.1347197,0.26864037,0.59663993,id21003
46,0.51089376,0.3034367,0.1856695,id23855
47,0.5578529,0.3036901,0.13845702,id20724
48,0.80819756,0.14962749,0.042174995,id13303
49,0.18715067,0.381863,0.43098632,id16521
50,0.63228494,0.11896412,0.24875093,id20775
51,0.3939236,0.2875861,0.31849033,id13029
52,0.629328,0.1508284,0.2198436,id14660
53,0.10707647,0.18787426,0.7050493,id11028
54,0.34050813,0.62490207,0.03458976,id14180
55,0.45027524,0.27812648,0.27159828,id25860
56,0.026064645,0.18671194,0.78722346,id11910
57,0.2097713,0.04778946,0.74243927,id08065
58,0.13635273,0.4979724,0.36567485,id22674
59,0.51724935,0.20821749,0.27453315,id25018
60,0.04737425,0.91326576,0.039359998,id10892
61,0.0859418,0.84943223,0.06462597,id10217
62,0.86064667,0.11539917,0.023954144,id12996
63,0.41756094,0.5229849,0.0594541,id18262
64,0.08306496,0.85755193,0.059383154,id08606
65,0.6149319,0.07785406,0.3072141,id17233
66,0.6955552,0.06475404,0.23969068,id00101
67,0.78444254,0.14613411,0.069423385,id12225
68,0.17045778,0.80692476,0.022617424,id01364
69,0.256123,0.3819959,0.36188114,id24973
70,0.34541428,0.15727836,0.49730733,id25363
71,0.26615098,0.18113095,0.55271804,id10061
72,0.19630599,0.50415087,0.29954314,id17673
73,0.043000452,0.08819842,0.8688012,id13249
74,0.11044611,0.21254286,0.677011,id10107
75,0.62952733,0.28425187,0.086220786,id04403
76,0.035855915,0.94507086,0.019073239,id25728
77,0.14374714,0.45949364,0.39675927,id16184
78,0.72445464,0.15234509,0.12320029,id03438
79,0.6174033,0.33790714,0.044689585,id22923
80,0.91408783,0.05015733,0.035754792,id08610
81,0.08280651,0.07586555,0.8413279,id25355
82,0.21006389,0.74128807,0.04864798,id16916
83,0.34903345,0.5734459,0.07752066,id12793
84,0.5020644,0.19245027,0.3054853,id11859
85,0.576684,0.32194707,0.10136896,id02434
86,0.44378716,0.22225182,0.33396098,id27703
87,0.17267758,0.45699486,0.37032753,id25212
88,0.40476188,0.047373366,0.54786474,id11308
89,0.545827,0.30560523,0.1485678,id26094
90,0.7001014,0.2782935,0.021605099,id22080
91,0.6342689,0.2485503,0.11718085,id03545
92,0.035064418,0.16671117,0.7982244,id23725
93,0.65003777,0.2902069,0.05975533,id12009
94,0.73263055,0.04889535,0.21847415,id24241
95,0.06732997,0.8956646,0.037005477,id03596
96,0.17897409,0.7206821,0.100343876,id10749
97,0.14383611,0.15543646,0.7007274,id22794
98,0.18821162,0.69742286,0.114365526,id15482
99,0.5935686,0.26093906,0.1454923,id04833
100,0.07622551,0.17858694,0.7451875,id00397
101,0.33336505,0.45106572,0.21556929,id14691
102,0.6057095,0.054766893,0.3395236,id05193
103,0.21345477,0.6951334,0.091411844,id19541
104,0.32596147,0.3298493,0.34418923,id22166
105,0.070007086,0.039829202,0.8901637,id20744
106,0.14062865,0.31868976,0.54068166,id10392
107,0.37181064,0.4707666,0.15742272,id00770
108,0.7124791,0.05047547,0.23704533,id06018
109,0.40114188,0.4740655,0.12479258,id15678
110,0.49938455,0.1808175,0.31979796,id08305
111,0.031260077,0.93099916,0.03774073,id08903
112,0.12640211,0.71502733,0.15857051,id14752
113,0.11378136,0.6928266,0.19339195,id12468
114,0.24602313,0.6895804,0.06439655,id05085
115,0.27119917,0.08122495,0.6475759,id21993
116,0.18039323,0.75714016,0.06246658,id15503
117,0.3026539,0.6489818,0.048364174,id03021
118,0.3459403,0.5910688,0.062990904,id16123
119,0.26569825,0.5613471,0.1729546,id19383
120,0.5102364,0.2960966,0.19366693,id04186
121,0.07138792,0.24882177,0.67979026,id17954
122,0.7880038,0.098838,0.1131582,id12030
123,0.09409139,0.45353845,0.45237017,id13020
124,0.03457631,0.64282686,0.32259673,id25327
125,0.22912551,0.40771088,0.36316362,id16344
126,0.6528074,0.179343,0.1678496,id12303
127,0.39289704,0.53361976,0.07348326,id15017
128,0.526474,0.18792935,0.28559664,id22308
129,0.18826498,0.14198266,0.66975236,id06536
130,0.42451027,0.28486663,0.29062313,id19797
131,0.32695687,0.2680271,0.40501603,id06332
132,0.2769807,0.16560228,0.557417,id22941
133,0.2958136,0.20437323,0.49981314,id13547
134,0.13843541,0.24285974,0.61870486,id06928
135,0.070107,0.63975984,0.29013312,id12521
136,0.27629098,0.033055853,0.6906532,id25716
137,0.29056162,0.011956565,0.6974819,id27116
138,0.3140986,0.63712806,0.048773378,id19941
139,0.2555567,0.027244834,0.7171985,id05711
140,0.22801657,0.22064142,0.551342,id02097
141,0.4328883,0.34184763,0.2252641,id03563
142,0.7591678,0.20673607,0.03409615,id02295
143,0.5078794,0.30032378,0.19179687,id08179
144,0.3792058,0.19860381,0.42219043,id05332
145,0.22882366,0.51347136,0.25770503,id15697
146,0.3392079,0.44407502,0.21671717,id17026
147,0.7322758,0.18757454,0.08014969,id04243
148,0.11263757,0.59633505,0.29102734,id13175
149,0.49797067,0.3383105,0.1637188,id05387
150,0.29864156,0.36425748,0.33710098,id19989
151,0.27981988,0.6115738,0.10860629,id25173
152,0.41533634,0.40474027,0.17992339,id08925
153,0.33028126,0.3364119,0.33330688,id03034
154,0.24249642,0.39168242,0.36582118,id13272
155,0.28386936,0.19151567,0.52461505,id07956
156,0.2361839,0.7176994,0.046116732,id02648
157,0.07922622,0.08406972,0.836704,id01778
158,0.16766012,0.32587466,0.5064652,id12846
159,0.61579067,0.28236774,0.101841666,id19001
160,0.23981668,0.7155739,0.0446094,id05763
161,0.06268457,0.011452954,0.92586243,id15590
162,0.48364913,0.20638779,0.30996314,id04912
163,0.47118026,0.3279741,0.2008456,id21201
164,0.50441796,0.09917874,0.39640325,id13215
165,0.030431258,0.8698588,0.09970992,id15612
166,0.6672381,0.17458397,0.1581779,id18501
167,0.7942646,0.08085926,0.124876216,id07223
168,0.029407846,0.21231575,0.75827634,id06707
169,0.009064491,0.9692749,0.021660637,id05238
170,0.07852415,0.5220741,0.39940178,id00935
171,0.26436272,0.3352263,0.400411,id00110
172,0.09091422,0.11483954,0.79424626,id17476
173,0.18526196,0.72944975,0.085288286,id15170
174,0.076177284,0.01972078,0.90410197,id13397
175,0.4081518,0.3170967,0.27475148,id24283
176,0.60656136,0.13921374,0.25422487,id15234
177,0.5267341,0.39097214,0.08229375,id16884
178,0.76768875,0.18537089,0.04694035,id07831
179,0.26865292,0.6630967,0.06825034,id16038
180,0.87606996,0.08781595,0.036114052,id03629
181,0.863479,0.111025736,0.025495244,id21019
182,0.033276964,0.05205935,0.91466373,id21835
183,0.17431915,0.7123082,0.11337267,id04480
184,0.21669161,0.7560784,0.027229948,id20838
185,0.59293133,0.33583772,0.0712309,id24195
186,0.4108218,0.47562012,0.1135581,id05448
187,0.44718063,0.22626267,0.32655665,id15957
188,0.3220162,0.2915018,0.38648203,id19956
189,0.1480912,0.6216218,0.23028699,id15104
190,0.06235869,0.9119275,0.025713788,id17559
191,0.049869273,0.8273219,0.12280887,id16839
192,0.15029874,0.14965495,0.7000463,id14493
193,0.32287958,0.28558314,0.39153737,id08833
194,0.04941618,0.011171575,0.9394123,id15723
195,0.4932279,0.10422955,0.4025426,id02716
196,0.46061444,0.50633055,0.03305502,id06689
197,0.4321174,0.068919376,0.49896318,id18837
198,0.7635013,0.123079814,0.11341889,id04466
199,0.21844627,0.7011825,0.08037123,id00686
200,0.1339137,0.8438287,0.022257667,id09010
201,0.9017281,0.07323066,0.025041262,id23353
202,0.45616838,0.42539835,0.1184332,id00066
203,0.28499255,0.52720135,0.18780611,id15724
204,0.10280828,0.27898982,0.6182019,id23486
205,0.06930249,0.06467533,0.8660222,id22258
206,0.6579013,0.2881665,0.053932134,id02292
207,0.2509395,0.34558544,0.40347505,id16356
208,0.8347854,0.11458494,0.050629746,id00235
209,0.066829205,0.07813697,0.85503376,id25522
210,0.5084102,0.31420535,0.17738448,id04204
211,0.8877198,0.051451195,0.060828906,id22016
212,0.05581228,0.7040362,0.24015151,id06480
213,0.7180433,0.030236611,0.25172007,id08718
214,0.20646687,0.69335437,0.10017881,id05251
215,0.72413015,0.13321906,0.14265078,id03359
216,0.14785995,0.2618278,0.59031224,id16117
217,0.025398146,0.7707025,0.20389931,id17000
218,0.34897494,0.41790396,0.23312113,id01730
219,0.34546074,0.56608325,0.08845602,id00630
220,0.39084107,0.22286476,0.38629416,id18175
221,0.07925105,0.55214894,0.36859998,id00907
222,0.09283707,0.88122195,0.025941018,id18251
223,0.69014055,0.031423654,0.27843583,id25861
224,0.1254577,0.8609239,0.013618358,id00398
225,0.823603,0.1026306,0.07376645,id27573
226,0.13452445,0.3130708,0.55240476,id10022
227,0.259676,0.045984544,0.69433945,id15901
228,0.40390688,0.22444455,0.37164858,id00451
229,0.34775618,0.3267851,0.32545874,id23129
230,0.12922081,0.70674634,0.16403277,id26498
231,0.28135952,0.5365078,0.18213266,id14741
232,0.12652718,0.5402481,0.3332247,id18453
233,0.30362123,0.27651545,0.41986328,id08309
234,0.5543703,0.3767595,0.068870254,id00320
235,0.20374012,0.05867984,0.73758,id07688
236,0.20873623,0.11896816,0.6722956,id01556
237,0.26826403,0.35265282,0.37908322,id00178
238,0.33010033,0.09234409,0.5775556,id18902
239,0.18707088,0.15862066,0.65430844,id27002
240,0.22441076,0.555945,0.21964422,id21418
241,0.3054859,0.54178226,0.15273184,id23018
242,0.30977792,0.28038463,0.40983745,id07032
243,0.03965036,0.6907231,0.26962647,id16195
244,0.6137826,0.3442657,0.041951716,id11202
245,0.4304406,0.55019706,0.019362282,id09578
246,0.7582835,0.046510123,0.19520646,id26984
247,0.3339967,0.57989174,0.08611148,id19856
248,0.5836,0.28792453,0.12847553,id12086
249,0.046878062,0.41305944,0.54006255,id12052
250,0.15926078,0.34034026,0.500399,id17728
251,0.23100024,0.61166275,0.15733702,id24608
252,0.26013198,0.21013881,0.5297292,id21097
253,0.032241836,0.34553203,0.62222606,id20179
254,0.7070089,0.078692146,0.21429901,id15144
255,0.7716081,0.004720499,0.22367139,id00206
256,0.4615581,0.45701835,0.08142354,id22285
257,0.45143342,0.33091247,0.21765418,id06417
258,0.50960344,0.39578342,0.0946131,id00215
259,0.4520304,0.3563017,0.19166794,id04201
260,0.52097446,0.3981073,0.08091822,id21771
261,0.06623122,0.79386604,0.13990271,id12451
262,0.24760453,0.45558295,0.2968125,id14250
263,0.12614584,0.71753234,0.15632184,id03433
264,0.48456988,0.031827178,0.483603,id03303
265,0.5202042,0.18560703,0.29418874,id25901
266,0.37950045,0.42564502,0.19485453,id06945
267,0.40080312,0.14297365,0.4562232,id05664
268,0.82679164,0.096304856,0.07690351,id05741
269,0.8952501,0.04985026,0.054899648,id10652
270,0.7679675,0.1606637,0.07136885,id16300
271,0.3512716,0.19750786,0.45122057,id12319
272,0.05298353,0.90702635,0.03999009,id07500
273,0.11096329,0.5823442,0.3066925,id12478
274,0.14769733,0.08776692,0.7645358,id03076
275,0.3760862,0.5167256,0.10718817,id00969
276,0.055192545,0.8979283,0.046879068,id23636
277,0.4707487,0.45279175,0.07645963,id09791
278,0.1847657,0.5568661,0.25836813,id05680
279,0.0548686,0.59540224,0.3497292,id03672
280,0.027496524,0.4243316,0.5481718,id04286
281,0.048125405,0.6334553,0.31841937,id23883
282,0.23400791,0.15181573,0.61417633,id11914
283,0.07469074,0.85252714,0.072782114,id20974
284,0.6273983,0.14332855,0.22927308,id26125
285,0.28448483,0.21694049,0.4985747,id15543
286,0.3378459,0.35519156,0.30696255,id19471
287,0.6983767,0.17144422,0.130179,id11503
288,0.09812956,0.6961245,0.20574588,id09321
289,0.22993426,0.27656168,0.49350408,id25560
290,0.08352883,0.27492708,0.6415441,id06726
291,0.24627148,0.4219507,0.33177784,id05709
292,0.01338153,0.68745923,0.2991592,id09788
293,0.592488,0.32821402,0.079298,id05289
294,0.70093906,0.2627413,0.036319643,id11815
295,0.42485237,0.27683458,0.29831308,id22422
296,0.20436954,0.7044083,0.09122217,id25954
297,0.72275794,0.05995443,0.21728772,id13601
298,0.15270685,0.3433654,0.50392777,id05677
299,0.3252004,0.6347457,0.040053867,id10498
300,0.7815954,0.19886495,0.01953965,id02665
301,0.0847508,0.79782623,0.11742301,id10114
302,0.58184284,0.38235766,0.03579952,id26314
303,0.5116948,0.38711926,0.10118594,id21240
304,0.66101384,0.24138884,0.09759731,id15569
305,0.32352018,0.3242172,0.35226265,id25928
306,0.035589598,0.95119274,0.013217614,id22706
307,0.051940337,0.7338985,0.2141612,id20877
308,0.7616977,0.21273094,0.02557145,id04318
309,0.77016187,0.12618604,0.10365207,id18299
310,0.04913729,0.36995897,0.58090365,id08126
311,0.1585283,0.62242097,0.21905069,id14293
312,0.8104565,0.13043977,0.05910374,id12759
313,0.45391613,0.43845654,0.10762737,id11983
314,0.1706867,0.1489977,0.68031555,id05580
315,0.53132915,0.28972945,0.17894132,id25846
316,0.4006163,0.50921214,0.09017161,id01939
317,0.296541,0.68377066,0.019688316,id26327
318,0.121664435,0.1408631,0.7374725,id11068
319,0.25624147,0.4353953,0.30836326,id08404
320,0.67207867,0.28579837,0.042122968,id27189
321,0.056445472,0.688125,0.2554295,id15119
322,0.6860358,0.27258995,0.04137426,id26525
323,0.30944267,0.6094848,0.08107255,id03618
324,0.23651525,0.12606488,0.63741994,id27220
325,0.7560888,0.042345133,0.20156606,id18777
326,0.7987357,0.15499412,0.046270177,id20213
327,0.79813176,0.097800575,0.10406771,id20403
328,0.17158414,0.80606306,0.022352792,id03777
329,0.4809589,0.4700592,0.04898186,id10595
330,0.72611135,0.2471867,0.026701929,id13816
331,0.12753093,0.31607515,0.5563939,id05667
332,0.65538406,0.27700815,0.067607805,id24629
333,0.3612668,0.18788913,0.45084414,id20398
334,0.16856669,0.11959579,0.71183753,id14108
335,0.59061944,0.2687882,0.14059234,id06196
336,0.54164743,0.32105836,0.13729426,id02800
337,0.028683325,0.49043924,0.4808775,id18732
338,0.010428035,0.967655,0.021916889,id11915
339,0.25193635,0.10767894,0.6403847,id09739
340,0.5668525,0.28524968,0.14789781,id24672
341,0.08744802,0.16221817,0.75033385,id00414
342,0.37297386,0.23863098,0.38839522,id16307
343,0.12453018,0.15271376,0.722756,id14043
344,0.2586298,0.09713534,0.6442349,id00517
345,0.39041469,0.5163081,0.09327722,id09744
346,0.89411765,0.06350557,0.042376842,id19257
347,0.6088351,0.18557906,0.20558587,id15437
348,0.08513493,0.24449755,0.6703675,id16352
349,0.6470642,0.17999466,0.17294106,id18849
350,0.33544752,0.61812335,0.0464291,id19434
351,0.26933765,0.46829742,0.2623649,id17928
352,0.09483263,0.85538656,0.04978084,id16896
353,0.59229374,0.31440794,0.09329834,id02135
354,0.79958475,0.116320916,0.08409429,id15075
355,0.14195828,0.770203,0.08783875,id27486
356,0.2340078,0.55046684,0.21552528,id19422
357,0.17966546,0.57944834,0.24088615,id09603
358,0.14224678,0.8372408,0.02051243,id02133
359,0.33799207,0.07447052,0.58753735,id03441
360,0.45720297,0.4759926,0.066804454,id02398
361,0.12218051,0.63078976,0.24702972,id05152
362,0.26756722,0.0459495,0.6864832,id17838
363,0.6169802,0.057648186,0.32537165,id25060
364,0.2550774,0.6627814,0.08214116,id09998
365,0.1977817,0.48010755,0.3221107,id01828
366,0.15153094,0.29699877,0.5514703,id25377
367,0.08567555,0.8699593,0.04436516,id22175
368,0.5719167,0.29030466,0.13777857,id02974
369,0.52201355,0.38404077,0.09394575,id26955
370,0.3418982,0.2533188,0.40478295,id21091
371,0.44071957,0.44981948,0.10946086,id12802
372,0.0274422,0.91823876,0.054319106,id07432
373,0.16019186,0.7374836,0.10232448,id18749
374,0.2983191,0.12531321,0.57636774,id15030
375,0.27126342,0.64949137,0.07924514,id17155
376,0.27587712,0.6263148,0.09780801,id08128
377,0.20993367,0.65979576,0.13027053,id25706
378,0.5782576,0.37056974,0.051172666,id15645
379,0.37177214,0.50770056,0.12052736,id04943
380,0.21572436,0.5050083,0.2792673,id27566
381,0.013648454,0.9355252,0.050826404,id11765
382,0.43241403,0.19504157,0.37254444,id13783
383,0.13308395,0.31902087,0.54789525,id00492
384,0.4384068,0.14318016,0.41841307,id27636
385,0.026009854,0.9461552,0.027834969,id04273
386,0.39524838,0.12112539,0.48362622,id02537
387,0.68186533,0.24902067,0.069113985,id24349
388,0.030365085,0.9186626,0.050972212,id00023
389,0.23808536,0.4224461,0.3394685,id23025
390,0.26486498,0.38665912,0.34847596,id08722
391,0.19008943,0.6831185,0.12679201,id02420
392,0.31151834,0.22487395,0.46360773,id10811
393,0.19723225,0.35642275,0.446345,id04019
394,0.6411809,0.31229147,0.04652763,id18334
395,0.95041955,0.007902794,0.041677706,id16781
396,0.17234956,0.61812115,0.20952928,id08773
397,0.78282535,0.1335192,0.083655424,id19214
398,0.22677693,0.68789464,0.085328475,id09589
399,0.4434272,0.43549442,0.121078335,id24246
400,0.7095241,0.25340164,0.037074294,id23577
401,0.8317056,0.019593783,0.14870061,id09305
402,0.86548483,0.0971792,0.03733594,id16460
403,0.85092133,0.11989867,0.02918003,id21115
404,0.6578218,0.11700769,0.22517046,id25996
405,0.043444328,0.056730118,0.89982563,id02551
406,0.1712324,0.021714436,0.80705315,id19352
407,0.10682753,0.60370415,0.2894683,id03806
408,0.28739414,0.2499198,0.4626861,id26544
409,0.33226082,0.348342,0.3193972,id18761
410,0.2137087,0.4495066,0.33678472,id24148
411,0.1394385,0.32349873,0.53706276,id16095
412,0.42649814,0.48377264,0.08972912,id18442
413,0.14868806,0.25704932,0.5942626,id22596
414,0.044628136,0.15978093,0.79559094,id23002
415,0.71508574,0.20685491,0.07805934,id04797
416,0.45366722,0.1903239,0.35600898,id06610
417,0.5054664,0.09444685,0.40008676,id16173
418,0.20452566,0.53602606,0.25944838,id18292
419,0.5899818,0.2613433,0.14867494,id27328
420,0.3882969,0.26253244,0.34917063,id01695
421,0.16050985,0.6936147,0.14587535,id05761
422,0.5157398,0.38576895,0.09849125,id16354
423,0.25847825,0.2879178,0.45360398,id12207
424,0.18182094,0.51469034,0.30348876,id05665
425,0.7477051,0.14190574,0.11038921,id01911
426,0.5492796,0.19278783,0.25793263,id19153
427,0.6471109,0.22218436,0.13070475,id10295
428,0.1388309,0.31242648,0.54874265,id23038
429,0.1323814,0.74890995,0.11870859,id23783
430,0.3811502,0.5668962,0.05195363,id27879
431,0.8036987,0.1574859,0.038815286,id19190
432,0.1583841,0.7744145,0.06720141,id05065
433,0.19072656,0.59024906,0.2190244,id21296
434,0.14591902,0.12353394,0.7305471,id13262
435,0.384771,0.53725606,0.07797297,id10333
436,0.22391649,0.7037416,0.072341904,id16677
437,0.16246828,0.30539027,0.53214145,id01392
438,0.13943845,0.6421725,0.21838917,id27874
439,0.89662486,0.04996088,0.053414214,id02294
440,0.16670598,0.62492573,0.20836832,id18298
441,0.55702543,0.12071021,0.32226434,id06997
442,0.1235679,0.82487404,0.051557984,id05243
443,0.12188923,0.6308702,0.24724057,id00860
444,0.37060958,0.01905052,0.6103399,id26681
445,0.6911466,0.1973081,0.11154534,id06020
446,0.3441134,0.091978125,0.5639084,id27683
447,0.2383649,0.4699138,0.29172128,id17655
448,0.38619277,0.07637288,0.53743434,id08817
449,0.05559665,0.16334368,0.7810596,id11512
450,0.24341564,0.35368484,0.40289956,id00478
451,0.37762472,0.17713934,0.44523597,id02116
452,0.17619833,0.5185789,0.30522275,id06746
453,0.52549,0.20479728,0.26971272,id03863
454,0.08784945,0.7797469,0.13240366,id01802
455,0.17103967,0.24210447,0.5868558,id11682
456,0.59193903,0.2967563,0.11130465,id04033
457,0.034868073,0.86809397,0.09703799,id09286
458,0.88455784,0.072009124,0.043433033,id12904
459,0.026002808,0.50107545,0.47292176,id07420
460,0.0490542,0.92333406,0.027611673,id22398
461,0.26716465,0.25568005,0.47715527,id00424
462,0.22680975,0.41133523,0.361855,id20960
463,0.11677905,0.7862233,0.096997604,id10267
464,0.18390329,0.5430079,0.27308875,id19330
465,0.12652388,0.41614908,0.45732704,id00994
466,0.4376927,0.3848258,0.17748159,id10785
467,0.41740733,0.06733093,0.51526177,id00955
468,0.40242165,0.15589741,0.44168097,id09757
469,0.21802427,0.07051905,0.7114567,id10030
470,0.17733948,0.061864763,0.7607958,id22952
471,0.07517785,0.08228034,0.84254175,id21955
472,0.11967452,0.8191595,0.061165966,id07674
473,0.32933012,0.6242767,0.046393175,id13760
474,0.48872855,0.27246878,0.23880264,id18166
475,0.51012945,0.4458797,0.04399087,id23498
476,0.122332245,0.6066034,0.27106446,id05296
477,0.122294836,0.362736,0.51496917,id26709
478,0.7309309,0.12010413,0.14896491,id02853
479,0.19871973,0.2708471,0.5304331,id06800
480,0.34092817,0.32745737,0.33161443,id14758
481,0.84268504,0.08388215,0.07343272,id12356
482,0.37087405,0.47285065,0.15627532,id21492
483,0.19990773,0.6982323,0.101860054,id27540
484,0.084777854,0.5508913,0.36433092,id07376
485,0.09655975,0.3569941,0.5464462,id15201
486,0.3945841,0.5225457,0.08287016,id23388
487,0.30845174,0.3097217,0.38182655,id13923
488,0.30814454,0.43862507,0.2532304,id00794
489,0.07451733,0.09254725,0.83293545,id23910
490,0.188155,0.05480253,0.75704247,id02556
491,0.08996177,0.7974273,0.11261091,id22151
492,0.5997581,0.287107,0.11313486,id11698
493,0.6833781,0.2656903,0.050931588,id11627
494,0.59819514,0.34501275,0.0567921,id06340
495,0.9019532,0.068352535,0.02969424,id05123
496,0.53672624,0.13106512,0.33220863,id26620
497,0.096313134,0.18579936,0.7178875,id04002
498,0.15794641,0.17224638,0.6698072,id26554
499,0.08505226,0.4259898,0.48895797,id18012
500,0.5815904,0.3687084,0.04970117,id12964
501,0.002469777,0.933207,0.06432325,id18965
502,0.31678638,0.056023624,0.62719,id19082
503,0.5589897,0.2115511,0.22945926,id26742
504,0.6765934,0.15812655,0.16528006,id15442
505,0.6289031,0.12640794,0.24468897,id16647
506,0.16675857,0.4923248,0.3409167,id11544
507,0.1918296,0.5648485,0.24332188,id20581
508,0.39646438,0.4678822,0.13565344,id13192
509,0.18676114,0.09769021,0.71554863,id15814
510,0.45624202,0.44332454,0.1004335,id26279
511,0.9047101,0.035916585,0.05937333,id00240
512,0.50198734,0.3222679,0.1757448,id22836
513,0.005974763,0.94976926,0.044255912,id15085
514,0.2796552,0.25755006,0.46279484,id17495
515,0.5564207,0.12931848,0.3142608,id26762
516,0.7686077,0.109308384,0.12208395,id13685
517,0.31842047,0.3923897,0.28918985,id16560
518,0.10384944,0.64337367,0.2527769,id17184
519,0.3340106,0.18237026,0.48361912,id21635
520,0.13886264,0.25752667,0.6036107,id26751
521,0.24620034,0.52266914,0.23113057,id12351
522,0.28883627,0.35525414,0.35590962,id14872
523,0.5710017,0.25184768,0.17715058,id18372
524,0.27732238,0.048808392,0.6738692,id26851
525,0.3179787,0.57425565,0.10776553,id22659
526,0.6920258,0.2099865,0.09798775,id04102
527,0.043582592,0.89611983,0.060297567,id02353
528,0.5636056,0.3023281,0.13406631,id26721
529,0.7639004,0.04975547,0.1863441,id11171
530,0.9178878,0.055100705,0.027011482,id13562
531,0.31381094,0.07864519,0.6075439,id26425
532,0.5689454,0.036150612,0.39490393,id26394
533,0.9470599,0.03770467,0.015235429,id22187
534,0.2841385,0.5822535,0.13360797,id00422
535,0.1831095,0.62878823,0.18810222,id22667
536,0.5918713,0.1459777,0.262151,id00911
537,0.13424703,0.19205554,0.6736974,id17291
538,0.13463783,0.65638644,0.20897578,id01915
539,0.51035434,0.054703407,0.4349422,id01434
540,0.8314,0.055051137,0.11354888,id01584
541,0.1398515,0.64176494,0.2183836,id09266
542,0.0049372735,0.945114,0.049948703,id17494
543,0.71151775,0.06412914,0.22435303,id24919
544,0.41149747,0.19089834,0.3976042,id21043
545,0.033072665,0.87925375,0.08767366,id17796
546,0.57755506,0.22248894,0.19995596,id02166
547,0.1544792,0.6716192,0.17390157,id17503
548,0.7749056,0.2081796,0.016914828,id21203
549,0.5652404,0.14184421,0.29291534,id25626
550,0.638705,0.32431686,0.0369782,id09836
551,0.023460615,0.9353479,0.04119145,id24202
552,0.806699,0.13735235,0.055948645,id27260
553,0.087379135,0.43939546,0.47322544,id23167
554,0.32792112,0.5159205,0.15615839,id10393
555,0.25564018,0.62964344,0.114716426,id01171
556,0.19776495,0.40615895,0.39607614,id06380
557,0.5345603,0.31958318,0.1458565,id22686
558,0.5679842,0.41107512,0.020940728,id26250
559,0.33413875,0.38873523,0.277126,id09315
560,0.08309647,0.85414,0.06276358,id00886
561,0.7578926,0.19290076,0.049206637,id03101
562,0.91487205,0.01202814,0.07309977,id12367
563,0.9189437,0.05497079,0.026085487,id10770
564,0.09560149,0.6603267,0.24407175,id14949
565,0.49978164,0.3237639,0.17645447,id14141
566,0.15185806,0.7184495,0.12969251,id25417
567,0.1311569,0.7816598,0.08718332,id26873
568,0.38397202,0.048877243,0.5671508,id10818
569,0.77150905,0.13602068,0.09247025,id15146
570,0.49048328,0.37278986,0.13672692,id23328
571,0.5237793,0.37769413,0.09852655,id16765
572,0.21984623,0.15402217,0.6261316,id24383
573,0.40625474,0.23331273,0.36043254,id21304
574,0.1428966,0.302184,0.5549194,id12551
575,0.18697272,0.27471945,0.53830785,id23274
576,0.9224941,0.04637131,0.03113453,id08117
577,0.20609042,0.7357969,0.05811273,id23961
578,0.23360847,0.67710423,0.089287244,id13865
579,0.32348737,0.18433698,0.4921757,id22807
580,0.2102299,0.68744725,0.102322854,id08951
581,0.41346404,0.54641247,0.040123474,id18684
582,0.53186214,0.14903155,0.31910625,id25179
583,0.53615457,0.2988151,0.1650304,id27033
584,0.3547106,0.5525441,0.092745274,id13977
585,0.20404553,0.3491155,0.44683897,id19337
586,0.58214223,0.30637684,0.11148092,id25764
587,0.22404402,0.50768816,0.26826775,id16106
588,0.45301306,0.38407084,0.16291608,id05468
589,0.727823,0.1824566,0.0897204,id05241
590,0.21246296,0.3900659,0.3974711,id10215
591,0.04325502,0.09629194,0.860453,id23457
592,0.26760238,0.58541346,0.14698426,id02200
593,0.7740532,0.13878539,0.087161414,id13714
594,0.066016436,0.5040682,0.42991543,id20332
595,0.10196163,0.42426804,0.47377035,id18573
596,0.29795823,0.27131498,0.43072683,id08569
597,0.57400304,0.21883261,0.20716438,id22767
598,0.13346554,0.8059696,0.060564872,id25390
599,0.78302866,0.11223328,0.1047381,id09288
600,0.5850879,0.37751943,0.037392657,id12381
601,0.12078587,0.0447457,0.8344684,id02895
602,0.21917422,0.08671818,0.6941076,id25270
603,0.16860288,0.0046712593,0.82672584,id14248
604,0.51662517,0.3837369,0.09963786,id12831
605,0.73785156,0.114494115,0.14765424,id18305
606,0.4976479,0.23767485,0.2646772,id07805
607,0.56420565,0.25314853,0.18264586,id14027
608,0.6213465,0.25661898,0.12203455,id02760
609,0.1530245,0.47053033,0.37644523,id24362
610,0.42641604,0.43748263,0.13610126,id17065
611,0.07649941,0.37793705,0.5455635,id26583
612,0.4675618,0.39832577,0.1341124,id19664
613,0.5092403,0.11692057,0.37383908,id25145
614,0.23489,0.7209426,0.0441673,id17858
615,0.03819724,0.94546926,0.016333565,id05148
616,0.29378152,0.6596628,0.046555676,id22928
617,0.10190945,0.35854036,0.5395502,id21549
618,0.034800462,0.93012244,0.035077043,id12649
619,0.4749342,0.48810935,0.036956474,id21597
620,0.47590965,0.3790435,0.14504685,id27945
621,0.8058054,0.10454468,0.08964996,id00243
622,0.5769717,0.30784422,0.115184024,id02745
623,0.44420782,0.46609205,0.08970012,id23550
624,0.5866491,0.3590075,0.05434336,id13023
625,0.587097,0.23470607,0.17819692,id24796
626,0.22896172,0.7210495,0.049988765,id12284
627,0.1038022,0.66849345,0.22770432,id02664
628,0.6453099,0.1681404,0.18654959,id23767
629,0.119424455,0.8093353,0.071240254,id05859
630,0.64484483,0.1563066,0.19884856,id14350
631,0.13064323,0.59725124,0.27210552,id01191
632,0.34995273,0.36813632,0.28191102,id17034
633,0.4793003,0.3781118,0.14258793,id25292
634,0.47071347,0.10792448,0.42136207,id22121
635,0.87497425,0.029389385,0.09563634,id20872
636,0.20219491,0.6868767,0.11092842,id17720
637,0.58977693,0.36563957,0.04458347,id22658
638,0.593548,0.2713111,0.13514091,id09567
639,0.2572805,0.65129066,0.091428794,id16445
640,0.13276963,0.13017699,0.7370534,id08349
641,0.045549463,0.579987,0.37446356,id27437
642,0.76386243,0.10562015,0.13051742,id03812
643,0.08862655,0.83574706,0.075626425,id22304
644,0.07808696,0.7979855,0.12392757,id04449
645,0.095122665,0.63455564,0.27032167,id15605
646,0.69426554,0.27091235,0.03482204,id01768
647,0.51468897,0.16736256,0.31794846,id20019
648,0.007895474,0.94404,0.04806451,id09593
649,0.13037683,0.6344938,0.23512934,id23179
650,0.568737,0.33517662,0.09608647,id21279
651,0.097772226,0.08846131,0.8137664,id06711
652,0.47769195,0.27819818,0.24410988,id14243
653,0.3118352,0.11547595,0.5726889,id04839
654,0.5727938,0.4049211,0.022285126,id17220
655,0.5784097,0.24080145,0.18078882,id24177
656,0.24502675,0.2614333,0.4935399,id20512
657,0.19235423,0.6993989,0.1082469,id14036
658,0.5949296,0.085113816,0.3199567,id25001
659,0.04385772,0.8422863,0.11385595,id06175
660,0.529695,0.37135166,0.09895338,id24720
661,0.17719164,0.53749347,0.28531492,id08070
662,0.170418,0.5820931,0.24748895,id18934
663,0.8787242,0.08709736,0.034178443,id01338
664,0.038621865,0.70166075,0.2597175,id19008
665,0.06323709,0.76715904,0.16960388,id19632
666,0.3058807,0.15410382,0.5400155,id26224
667,0.8119277,0.04465752,0.14341483,id08219
668,0.15077206,0.07062514,0.7786028,id24008
669,0.37678516,0.5307106,0.09250431,id12475
670,0.9322873,0.04956927,0.01814353,id05766
671,0.56496793,0.34321555,0.09181643,id27386
672,0.03291548,0.81859636,0.14848813,id12476
673,0.37177253,0.56760293,0.06062452,id08311
674,0.41804302,0.46537054,0.11658655,id04996
675,0.1955232,0.31136537,0.49311152,id17350
676,0.08461812,0.86175805,0.053623788,id05546
677,0.2911141,0.37257993,0.33630598,id16504
678,0.049944032,0.10143446,0.8486215,id05782
679,0.28918132,0.64452183,0.06629683,id20560
680,0.3986802,0.19796772,0.40335205,id14171
681,0.10433272,0.50365746,0.39200982,id27461
682,0.01015604,0.8488008,0.1410432,id03581
683,0.13728917,0.10296197,0.7597488,id21847
684,0.6441613,0.06659691,0.2892418,id11712
685,0.17583764,0.17075321,0.6534092,id26738
686,0.28038552,0.5410273,0.17858717,id13668
687,0.5070588,0.26812184,0.22481942,id15114
688,0.61388284,0.021266159,0.36485094,id20130
689,0.73291034,0.18817465,0.07891502,id18331
690,0.23870547,0.7228691,0.038425423,id24465
691,0.1281653,0.50979507,0.36203966,id13539
692,0.046826113,0.91614175,0.037032083,id27564
693,0.3710416,0.26375484,0.36520353,id26043
694,0.53658897,0.15162227,0.31178877,id04965
695,0.044439696,0.3316282,0.6239321,id08645
696,0.7097202,0.15388352,0.13639626,id26610
697,0.14972255,0.77590984,0.07436758,id21737
698,0.020394089,0.7337673,0.24583866,id25784
699,0.78974736,0.12674645,0.083506234,id23030
700,0.4871766,0.38446152,0.12836194,id16450
701,0.7220382,0.16746776,0.11049409,id02161
702,0.789475,0.14752363,0.06300135,id25535
703,0.8366099,0.108550966,0.054839198,id16566
704,0.6414497,0.26261884,0.095931455,id05714
705,0.35286173,0.42959282,0.21754551,id16524
706,0.11390343,0.464505,0.42159158,id23941
707,0.13262902,0.57499796,0.29237303,id00831
708,0.14270976,0.48058373,0.3767066,id18145
709,0.45553082,0.019575119,0.52489406,id17227
710,0.46686912,0.35668784,0.17644306,id09417
711,0.30559266,0.14959514,0.5448122,id21307
712,0.016782017,0.915028,0.06818998,id05650
713,0.7483544,0.12609921,0.12554646,id23901
714,0.40715995,0.27505335,0.31778672,id05831
715,0.14818513,0.47021773,0.3815971,id16708
716,0.25278106,0.03395144,0.71326745,id02281
717,0.7358269,0.024686594,0.23948646,id11599
718,0.16022028,0.1559328,0.68384695,id18353
719,0.09312016,0.5765745,0.3303054,id07413
720,0.6198587,0.28071788,0.099423416,id15653
721,0.2563592,0.088837646,0.6548032,id09715
722,0.25813863,0.7204898,0.021371616,id05108
723,0.11674243,0.031055737,0.8522019,id09537
724,0.66631985,0.22667232,0.107007846,id27596
725,0.08561745,0.73734623,0.17703635,id24255
726,0.07841502,0.04962043,0.8719646,id05080
727,0.35228583,0.36637315,0.281341,id09484
728,0.5477018,0.008913219,0.443385,id14864
729,0.62880045,0.3601983,0.011001278,id26836
730,0.40388003,0.5361553,0.059964765,id07003
731,0.035144564,0.93198544,0.032869942,id13750
732,0.08618432,0.24386571,0.66994995,id21799
733,0.7919649,0.07973124,0.12830378,id11285
734,0.14778663,0.71864367,0.1335697,id04735
735,0.028452313,0.43387836,0.5376693,id23049
736,0.41394487,0.5179357,0.06811945,id05826
737,0.16379127,0.77717984,0.05902886,id17916
738,0.3267766,0.16917527,0.50404805,id14081
739,0.41879064,0.01394389,0.56726545,id10527
740,0.20123449,0.45343676,0.3453288,id16059
741,0.5389381,0.18893391,0.27212802,id25542
742,0.4903719,0.38326013,0.12636794,id05402
743,0.6431818,0.28150854,0.07530964,id01927
744,0.66128623,0.2730863,0.065627396,id27656
745,0.12657265,0.77135116,0.10207629,id06708
746,0.4312547,0.4448994,0.12384586,id03524
747,0.07727983,0.68233883,0.24038132,id12297
748,0.4426316,0.080527,0.47684145,id03439
749,0.13690244,0.834149,0.028948462,id04587
750,0.07797762,0.8364746,0.08554778,id25470
751,0.6351097,0.33789122,0.02699903,id01212
752,0.3450984,0.53147155,0.12343006,id13932
753,0.40505013,0.504722,0.09022783,id00124
754,0.50680435,0.2670332,0.22616246,id01592
755,0.044916876,0.9045828,0.05050022,id13461
756,0.18957584,0.78298265,0.027441489,id24681
757,0.30524206,0.2848446,0.40991327,id23245
758,0.39721462,0.16456637,0.43821898,id14073
759,0.09805876,0.18744783,0.7144934,id05172
760,0.7166265,0.07229129,0.21108215,id21979
761,0.6481615,0.0453383,0.30650026,id00328
762,0.6827212,0.26796663,0.049312208,id26102
763,0.12731351,0.05880959,0.81387687,id14867
764,0.1910343,0.7477949,0.06117075,id27544
765,0.33786207,0.5792069,0.082931094,id16228
766,0.18724352,0.44854516,0.3642113,id16342
767,0.6189384,0.27980244,0.101259165,id24933
768,0.23521893,0.56457883,0.20020217,id04601
769,0.10435207,0.7743599,0.12128799,id01599
770,0.47715563,0.42609888,0.09674541,id06238
771,0.112584375,0.33564994,0.55176574,id06826
772,0.4187767,0.30222437,0.27899903,id23307
773,0.27246705,0.5822346,0.14529835,id13575
774,0.3339445,0.3727048,0.29335073,id24174
775,0.28242534,0.5569546,0.16061994,id19534
776,0.45340815,0.072233565,0.4743583,id19602
777,0.37577966,0.4457083,0.17851207,id26962
778,0.36293507,0.3578791,0.27918583,id04448
779,0.17750034,0.6974369,0.12506275,id09786
780,0.7920418,0.15398665,0.053971592,id25240
781,0.29991373,0.64334536,0.056740925,id14893
782,0.77243525,0.030491795,0.19707303,id24221
783,0.30188307,0.67900455,0.019112399,id04696
784,0.11575627,0.76614237,0.118101284,id15153
785,0.0732041,0.8705705,0.05622549,id13882
786,0.10347832,0.7765079,0.12001383,id17836
787,0.21371782,0.66782194,0.118460335,id00574
788,0.36594823,0.3198505,0.31420124,id02078
789,0.20324107,0.45606065,0.3406982,id21206
790,0.5479403,0.09197828,0.36008146,id20084
791,0.18030362,0.15562567,0.66407067,id26598
792,0.87929595,0.04474273,0.07596133,id06838
793,0.07620109,0.06805095,0.85574794,id08786
794,0.12420895,0.29903892,0.5767521,id09550
795,0.5325687,0.30220845,0.16522287,id10206
796,0.05742702,0.67853045,0.26404253,id21113
797,0.06510592,0.8818573,0.053036775,id21151
798,0.5155547,0.10463816,0.3798071,id02692
799,0.43566737,0.2577284,0.30660424,id26446
800,0.62372243,0.28984785,0.086429715,id07377
801,0.51150167,0.089866444,0.39863196,id15998
802,0.5964869,0.17354344,0.22996962,id19637
803,0.08072952,0.07773473,0.8415357,id19735
804,0.23467019,0.57502145,0.19030844,id13739
805,0.061692633,0.07679361,0.8615138,id25175
806,0.6183152,0.22033876,0.16134599,id00563
807,0.7615448,0.106388226,0.13206695,id09982
808,0.38113353,0.44554532,0.17332116,id15459
809,0.08267862,0.032040782,0.88528055,id20785
810,0.13289163,0.4600014,0.40710694,id07145
811,0.14592908,0.18056338,0.6735076,id22204
812,0.2819762,0.059411466,0.6586123,id09285
813,0.5114123,0.4319965,0.056591235,id18157
814,0.1275064,0.14382434,0.7286692,id12134
815,0.46484634,0.44334197,0.09181172,id23914
816,0.22490184,0.5615565,0.21354169,id10483
817,0.23140281,0.09235094,0.6762463,id07092
818,0.022501556,0.111919895,0.86557853,id14786
819,0.6225857,0.05810312,0.31931117,id25741
820,0.17374836,0.47956553,0.34668607,id09050
821,0.57250524,0.29471502,0.13277972,id04938
822,0.11692076,0.46061385,0.42246538,id05901
823,0.100367576,0.7755289,0.12410348,id16975
824,0.37504524,0.45295516,0.17199963,id08547
825,0.25560594,0.14884748,0.5955466,id16355
826,0.10898377,0.49271014,0.39830604,id14568
827,0.2025514,0.22408696,0.5733617,id25599
828,0.1907822,0.12292234,0.6862954,id01670
829,0.19328558,0.7221063,0.084608175,id23945
830,0.22751383,0.08497924,0.6875069,id17394
831,0.93783075,0.037969295,0.024199903,id06501
832,0.04572519,0.73901653,0.21525818,id26234
833,0.35108232,0.3200502,0.32886744,id21280
834,0.056416467,0.37697205,0.5666115,id20048
835,0.2647716,0.5524735,0.18275495,id01216
836,0.20630431,0.050640125,0.7430555,id25320
837,0.07836545,0.735797,0.1858376,id22833
838,0.19973144,0.040925737,0.7593428,id22056
839,0.0638729,0.86540323,0.07072389,id02275
840,0.71353173,0.18010622,0.10636199,id26127
841,0.2706611,0.57070553,0.15863337,id17011
842,0.40822896,0.35525635,0.23651467,id13847
843,0.09825956,0.7812203,0.120520145,id00013
844,0.2644868,0.45275465,0.28275853,id16463
845,0.105229385,0.57561773,0.31915295,id04845
846,0.59903437,0.28468925,0.11627642,id01787
847,0.27689242,0.6019085,0.12119904,id08637
848,0.30471987,0.5514364,0.14384367,id11414
849,0.076013714,0.13206343,0.79192287,id13177
850,0.6561624,0.16449821,0.17933942,id24517
851,0.21153197,0.29560483,0.49286324,id26838
852,0.15742074,0.57260764,0.26997158,id23081
853,0.11335594,0.34814137,0.53850263,id16327
854,0.12974203,0.75827414,0.11198373,id27282
855,0.09385243,0.60908866,0.297059,id07489
856,0.060185693,0.15942211,0.78039217,id01718
857,0.4668302,0.31740344,0.21576633,id15441
858,0.124266654,0.34653804,0.5291953,id27736
859,0.23197664,0.40116975,0.36685356,id16324
860,0.5308827,0.33012888,0.13898845,id12027
861,0.07220949,0.9036169,0.024173688,id24653
862,0.326653,0.13239023,0.5409568,id17541
863,0.22185464,0.11142677,0.6667186,id22406
864,0.09675528,0.8871011,0.016143575,id18356
865,0.86802745,0.111966416,0.020006107,id04505
866,0.3938455,0.39783555,0.20831898,id04246
867,0.57150906,0.25889826,0.16959268,id07368
868,0.24664646,0.1595388,0.5938148,id26185
869,0.247924,0.24643901,0.505637,id08878
870,0.05252842,0.2829147,0.6645569,id27691
871,0.35975182,0.36798972,0.27225852,id18004
872,0.5733554,0.1521501,0.27449456,id24426
873,0.15481015,0.07104616,0.7741437,id14164
874,0.19191274,0.64947075,0.15861645,id12653
875,0.7021301,0.25046164,0.04740828,id18060
876,0.92054653,0.06463704,0.014816463,id18556
877,0.17160758,0.3803808,0.44801158,id27371
878,0.14411813,0.32123858,0.5346433,id11989
879,0.43182325,0.2346586,0.33351815,id26095
880,0.30890357,0.3236214,0.36747497,id24978
881,0.107071444,0.09688674,0.79604185,id20322
882,0.17233254,0.61046225,0.21720527,id01954
883,0.22041686,0.5470719,0.23251118,id07434
884,0.052304797,0.1301833,0.817512,id18144
885,0.4601829,0.43662542,0.10319172,id16250
886,0.1531567,0.6343261,0.2125172,id17793
887,0.55536133,0.3772349,0.06740377,id24067
888,0.1615759,0.31861857,0.51980555,id13891
889,0.2902914,0.6742782,0.035430416,id07334
890,0.23113559,0.3542668,0.41459763,id15633
891,0.49638474,0.2674971,0.23611821,id23239
892,0.28321293,0.27285492,0.44393212,id10674
893,0.20807232,0.06157668,0.73035103,id22093
894,0.14204834,0.39739296,0.4605587,id08444
895,0.050449837,0.5227328,0.42681742,id03257
896,0.2144258,0.6937694,0.09180481,id10040
897,0.45452037,0.23995203,0.30552757,id04902
898,0.07428489,0.90001076,0.025704324,id01219
899,0.8929241,0.04419935,0.06287669,id01340
900,0.40578052,0.14687322,0.44734624,id05117
901,0.35188767,0.1135776,0.5345347,id04908
902,0.13878481,0.07426295,0.78695226,id03626
903,0.7539744,0.086712405,0.15931325,id01888
904,0.07316171,0.13157688,0.7952614,id17199
905,0.3922389,0.46397784,0.14378326,id11200
906,0.8409222,0.055382166,0.10369572,id27561
907,0.2491717,0.5511108,0.19971752,id20966
908,0.03926808,0.85282034,0.10791156,id10257
909,0.45381564,0.38081437,0.16536994,id21168
910,0.103332005,0.083809495,0.8128585,id23363
911,0.3373429,0.5796754,0.08298168,id05321
912,0.3817076,0.3529498,0.26534262,id09928
913,0.6066049,0.238127,0.15526813,id18015
914,0.02279339,0.9422938,0.03491277,id02082
915,0.50129944,0.44456798,0.05413262,id19279
916,0.14578018,0.8262913,0.027928418,id08541
917,0.18161014,0.45795596,0.36043397,id15249
918,0.18438134,0.49961144,0.31600723,id03609
919,0.17787346,0.3126439,0.5094826,id22902
920,0.21393915,0.7402833,0.04577752,id17733
921,0.15218556,0.36258134,0.48523304,id07554
922,0.18055263,0.66267115,0.15677628,id14120
923,0.13893645,0.76624,0.09482356,id21802
924,0.03150779,0.9073612,0.061131064,id15614
925,0.0973224,0.14362901,0.7590486,id19437
926,0.64857316,0.315527,0.03589979,id22698
927,0.10956413,0.51820546,0.37223038,id21841
928,0.7828686,0.16227792,0.054853488,id16177
929,0.53674334,0.2411154,0.22214124,id15887
930,0.39406604,0.08792338,0.51801056,id22629
931,0.19049169,0.1029225,0.7065858,id10346
932,0.6374346,0.3451674,0.017397996,id05154
933,0.252211,0.70559496,0.042193998,id22913
934,0.041185323,0.93289185,0.025922932,id10544
935,0.34444106,0.5669339,0.08862514,id08703
936,0.81934434,0.11726222,0.06339339,id12817
937,0.7787873,0.099704705,0.12150799,id25433
938,0.5733367,0.28348425,0.143179,id25112
939,0.14399187,0.7900852,0.06592292,id05054
940,0.15347141,0.77188975,0.07463884,id02311
941,0.1841111,0.39452812,0.4213608,id22160
942,0.30849805,0.6213279,0.070174105,id17422
943,0.6627513,0.2690853,0.06816342,id18985
944,0.4624754,0.35070008,0.18682458,id21905
945,0.16809112,0.72161186,0.11029699,id17474
946,0.038153607,0.88108724,0.08075915,id15236
947,0.5106757,0.17582493,0.31349933,id13964
948,0.030540826,0.9559422,0.013516946,id15962
949,0.589056,0.03831363,0.37263036,id20866
950,0.08729835,0.02900385,0.88369775,id06625
951,0.13473128,0.6578318,0.20743698,id09793
952,0.05033203,0.7738119,0.1758561,id17365
953,0.30288252,0.67049056,0.026627008,id18463
954,0.27328047,0.4524102,0.27430928,id20693
955,0.07804513,0.4689372,0.4530177,id08785
956,0.37075567,0.58031857,0.048925824,id06783
957,0.1492291,0.5959894,0.25478148,id23178
958,0.07845048,0.7247176,0.19683188,id13513
959,0.2803527,0.07469241,0.64495486,id25361
960,0.08924019,0.13156673,0.7791931,id22319
961,0.58995736,0.3784202,0.0316224,id14024
962,0.1554964,0.8035846,0.040918995,id24186
963,0.81592864,0.08186974,0.10220171,id20965
964,0.65747327,0.17553449,0.16699226,id06242
965,0.0373276,0.12030932,0.8423631,id25665
966,0.15232855,0.7318572,0.11581428,id09706
967,0.034887474,0.88974833,0.07536408,id11026
968,0.6153105,0.29413012,0.09055939,id04223
969,0.06671503,0.6459027,0.2873823,id19674
970,0.027625248,0.25945044,0.71292436,id23420
971,0.5978308,0.36786073,0.034308482,id18059
972,0.4317727,0.36687812,0.20134915,id22576
973,0.3863121,0.4907795,0.122908406,id18495
974,0.6770826,0.012715139,0.31020227,id14139
975,0.0026391062,0.9817348,0.015626118,id18313
976,0.46534425,0.20015049,0.33450526,id27356
977,0.04429888,0.18873326,0.76696783,id16035
978,0.64706737,0.29361042,0.05932216,id04182
979,0.73536974,0.15202698,0.11260332,id15667
980,0.48643237,0.1728472,0.34072044,id08713
981,0.045307107,0.93800116,0.016691724,id25563
982,0.5226134,0.44372904,0.033657577,id17023
983,0.010553963,0.8428279,0.14661811,id03014
984,0.52116007,0.28971654,0.18912338,id23812
985,0.21567915,0.38554502,0.39877582,id20057
986,0.31745687,0.43998125,0.24256185,id12385
987,0.061672524,0.92069817,0.017629279,id24416
988,0.3987301,0.570869,0.030400932,id15672
989,0.63565713,0.20106423,0.16327868,id13868
990,0.0728913,0.8321718,0.09493692,id21095
991,0.3093279,0.20292108,0.487751,id05305
992,0.2639277,0.29782802,0.43824428,id15384
993,0.34732437,0.23705277,0.4156229,id14049
994,0.04286394,0.85795075,0.09918529,id23441
995,0.08547955,0.056604743,0.8579157,id12856
996,0.2894387,0.122477934,0.58808345,id16055
997,0.30581942,0.6298866,0.06429402,id24771
998,0.040443797,0.9310873,0.028468903,id14053
999,0.104025014,0.2849076,0.6110675,id19547
